"total","first_dist","last_dist","name_a","id_a","seasons_a","teams_a","name_b","id_b","seasons_b","teams_b","same_season","already_linked"
0,0,0,"ADAM ARIEL",103,"2025","MACCABI RAMAT GAN","ADAM ARIEL",1082,"2026","MACCABI RAMAT GAN",FALSE,FALSE
0,0,0,"AFEK AMSALEM",934,"2025","NESS ZIONA","AFEK AMSALEM",1886,"2026","HAPOEL JERUSALEM",FALSE,FALSE
0,0,0,"AMIN STEVENS",1139,"2026","RISHON LEZION","AMIN STEVENS",2140,"2025,2026","MACCABI RAANANA; MACCABI RAMAT GAN",TRUE,FALSE
0,0,0,"AMIT GERSHON",1119,"2025,2026","BEER SHEVA; HAPOEL HAIFA","AMIT GERSHON",1249,"2026","BEER SHEVA; ELIZUR NETANYA",TRUE,FALSE
0,0,0,"ANTONIO BLAKENEY",379,"2025","HAPOEL TEL AVIV","ANTONIO BLAKENEY",1027,"2025,2026","HAPOEL TEL AVIV; MACCABI TEL AVIV",TRUE,FALSE
0,0,0,"ARIEL AIZIK",1113,"2026","BEER SHEVA","ARIEL AIZIK",29473,"2025","ELITZUR NETANYA",FALSE,FALSE
0,0,0,"ATIR TALMOR",426,"2025","NESS ZIONA","ATIR TALMOR",1152,"2026","NESS ZIONA",FALSE,FALSE
0,0,0,"AUSTIN WILEY",1045,"2026","HAPOEL JERUSALEM","AUSTIN WILEY",29310,"2025","HAPOEL JERUSALEM",FALSE,FALSE
0,0,0,"BAR TIMOR",995,"2025","HAPOEL TEL AVIV","BAR TIMOR",1031,"2025,2026","HAPOEL HAIFA; HAPOEL TEL AVIV",TRUE,FALSE
0,0,0,"BEN ALTSHULER",1165,"2026","GALIL ELION","BEN ALTSHULER",2046,"2026","MACCABI RAANANA",TRUE,FALSE
0,0,0,"BEN ALTSHULER",1165,"2026","GALIL ELION","BEN ALTSHULER",3663,"2025","HAPOEL GALIL ELION",FALSE,FALSE
0,0,0,"BEN ALTSHULER",2046,"2026","MACCABI RAANANA","BEN ALTSHULER",3663,"2025","HAPOEL GALIL ELION",FALSE,FALSE
0,0,0,"BRYCE BROWN",1559,"2026","NESS ZIONA","BRYCE BROWN",29701,"2025","NESS ZIONA",FALSE,FALSE
0,0,0,"CHINANU ONUAKU",1076,"2026","BNEI HERZLIYA","CHINANU ONUAKU",1920,"2025","BNEI HERZLIYA",FALSE,FALSE
0,0,0,"CODY DEMPS",1120,"2026","BEER SHEVA","CODY DEMPS",2543,"2025","BEER SHEVA; ELITZUR NETANYA",FALSE,FALSE
0,0,0,"DAESHON FRANCIS",1070,"2026","BNEI HERZLIYA","DAESHON FRANCIS",6959,"2025","BNEI HERZLIYA",FALSE,FALSE
0,0,0,"DEANDRE PINCKNEY",2116,"2026","MACCABI RAMAT GAN","DEANDRE PINCKNEY",19461,"2025","HAPOEL HAIFA",FALSE,FALSE
0,0,0,"DJ BURNS",1143,"2026","RISHON LEZION","D.J. BURNS",1982,"2026","BNEI HERZLIYA",TRUE,FALSE
0,0,0,"DOR ANAVI",1128,"2026","KIRYAT ATA","DOR ANAVI",16399,"2025","NESS ZIONA",FALSE,FALSE
0,0,0,"DORI SAHAR",1188,"2026","ELIZUR NETANYA","DORI SAHAR",1571,"2025","MACCABI RAMAT GAN",FALSE,FALSE
0,0,0,"DREW CRAWFORD",1084,"2026","MACCABI RAMAT GAN","DREW CRAWFORD",3433,"2025","MACCABI RAMAT GAN",FALSE,FALSE
0,0,0,"EGOR KOULECHOV",2065,"2026","HAPOEL TEL AVIV","EGOR KOULECHOV",7014,"2025","HAPOEL JERUSALEM",FALSE,FALSE
0,0,0,"ELIJAH CHILDS",1089,"2026","HAPOEL HAEMEK","ELIJAH CHILDS",29735,"2025","GILBOA/GALIL",FALSE,FALSE
0,0,0,"ELIJAH STEWART",1078,"2026","BNEI HERZLIYA","ELIJAH STEWART",29100,"2025","BNEI HERZLIYA",FALSE,FALSE
0,0,0,"ETHAN BURG",2230,"2026","HAPOEL JERUSALEM","ETHAN BURG",5772,"2025","BNEI HERZLIYA",FALSE,FALSE
0,0,0,"FREDERIC BOURDILLON",1981,"2026","BNEI HERZLIYA; MACCABI RAMAT GAN","FREDERIC BOURDILLON",3820,"2025","BNEI HERZLIYA",FALSE,FALSE
0,0,0,"GAL BEITNER",1125,"2026","KIRYAT ATA","GAL BEITNER",29607,"2025","KIRYAT ATA",FALSE,FALSE
0,0,0,"GIL BENI",956,"2025","GILBOA/GALIL","GIL BENI",1261,"2025,2026","HAPOEL TEL AVIV; MACCABI RAMAT GAN",TRUE,FALSE
0,0,0,"GIL NOYOVITCH",1094,"2025,2026","ELITZUR NETANYA; HAPOEL HAEMEK","GIL NOYOVITCH",1680,"2025","HAPOEL HAIFA",TRUE,FALSE
0,0,0,"GUY PALATIN",1030,"2026","HAPOEL TEL AVIV","GUY PALATIN",2500,"2025","HAPOEL TEL AVIV",FALSE,FALSE
0,0,0,"IDAN ZALMANSON",1063,"2026","HAPOEL HOLON","IDAN ZALMANSON",1100,"2025,2026","HAPOEL HOLON; NESS ZIONA",TRUE,FALSE
0,0,0,"ILAY DOLINSKI",833,"2025","ELITZUR NETANYA","ILAY DOLINSKI",1124,"2026","KIRYAT ATA",FALSE,FALSE
0,0,0,"ITAY SEGEV",38,"2025","NESS ZIONA","ITAY SEGEV",1029,"2026","HAPOEL TEL AVIV",FALSE,FALSE
0,0,0,"JARED HARPER",1043,"2026","HAPOEL JERUSALEM","JARED HARPER",11189,"2025","HAPOEL JERUSALEM",FALSE,FALSE
0,0,0,"JAYLEN HOARD",1000,"2026","MACCABI TEL AVIV","JAYLEN HOARD",29030,"2025","MACCABI TEL AVIV",FALSE,FALSE
0,0,0,"JIMMY CLARK III",1014,"2026","MACCABI TEL AVIV","JIMMY CLARK III",34406,"2025","BNEI HERZLIYA; MACCABI TEL AVIV",FALSE,FALSE
0,0,0,"JOE RAGLAND",75,"2025","HAPOEL TEL AVIV","JOE RAGLAND",1707,"2026","MACCABI RAANANA",FALSE,FALSE
0,0,0,"JONATHAN MOTLEY",1001,"2026","HAPOEL TEL AVIV","JONATHAN MOTLEY",34403,"2025","HAPOEL TEL AVIV",FALSE,FALSE
0,0,0,"JOSH HAWLEY",2146,"2026","GALIL ELION","JOSH HAWLEY",21556,"2025","BNEI HERZLIYA",FALSE,FALSE
0,0,0,"JUSTIN SMITH",1002,"2026","HAPOEL JERUSALEM","JUSTIN SMITH",11093,"2025","HAPOEL JERUSALEM",FALSE,FALSE
0,0,0,"KEANDRE COOK",2170,"2026","HAPOEL TEL AVIV","KEANDRE COOK",32536,"2025","KIRYAT ATA",FALSE,FALSE
0,0,0,"KHADEEN CARRINGTON",1044,"2026","HAPOEL JERUSALEM","KHADEEN CARRINGTON",6998,"2025","HAPOEL JERUSALEM",FALSE,FALSE
0,0,0,"KYLER EDWARDS",1006,"2026","HAPOEL HAEMEK","KYLER EDWARDS",25670,"2025","ELITZUR NETANYA",FALSE,FALSE
0,0,0,"LEVI RANDOLPH",2064,"2026","HAPOEL TEL AVIV","LEVI RANDOLPH",2745,"2025","MACCABI TEL AVIV",FALSE,FALSE
0,0,0,"LIOR CARREIRA",966,"2025","HAPOEL GALIL ELION","LIOR CARREIRA",1061,"2026","HAPOEL HOLON",FALSE,FALSE
0,0,0,"MATT COLEMAN",2113,"2026","MACCABI RAANANA","MATT COLEMAN",34404,"2025","HAPOEL HAIFA",FALSE,FALSE
0,0,0,"MAXIM FILONENKO",1193,"2026","ELIZUR NETANYA","MAXIM FILONENKO",19433,"2025","ELITZUR NETANYA",FALSE,FALSE
0,0,0,"NETANEL ARTZI",1064,"2026","HAPOEL HOLON","NETANEL ARTZI",1496,"2025","HAPOEL HOLON",FALSE,FALSE
0,0,0,"NIMROD LEVI",1051,"2026","HAPOEL JERUSALEM","NIMROD LEVI",1101,"2025,2026","HAPOEL JERUSALEM; NESS ZIONA",TRUE,FALSE
0,0,0,"NIV MISGAV",1097,"2026","HAPOEL HAEMEK","NIV MISGAV",2813,"2025","GILBOA/GALIL; HAPOEL HOLON",FALSE,FALSE
0,0,0,"NOAM AVIVI",1110,"2026","GALIL ELION","NOAM AVIVI",2052,"2026","NESS ZIONA",TRUE,FALSE
0,0,0,"NOAM AVIVI",1110,"2026","GALIL ELION","NOAM AVIVI",2926,"2025","HAPOEL AFULA",FALSE,FALSE
0,0,0,"NOAM AVIVI",2052,"2026","NESS ZIONA","NOAM AVIVI",2926,"2025","HAPOEL AFULA",FALSE,FALSE
0,0,0,"OFRI SHITRIT",1179,"2026","BEER SHEVA","OFRI SHITRIT",3558,"2025","BEER SHEVA",FALSE,FALSE
0,0,0,"OR CORNELIUS",1198,"2026","ELIZUR NETANYA","OR CORNELIUS",2616,"2025","HAPOEL JERUSALEM",FALSE,FALSE
0,0,0,"OREN SAHAR",1200,"2026","MACCABI TEL AVIV","OREN SAHAR",3662,"2025","MACCABI TEL AVIV",FALSE,FALSE
0,0,0,"OZ BLAYZER",124,"2025","HAPOEL TEL AVIV","OZ BLAYZER",1033,"2026","HAPOEL TEL AVIV",FALSE,FALSE
0,0,0,"RAFI MENCO",110,"2025","MACCABI TEL AVIV","RAFI MENCO",1088,"2026","HAPOEL HAEMEK",FALSE,FALSE
0,0,0,"RAZ ADAM",1108,"2026","GALIL ELION","RAZ ADAM",3542,"2025","KIRYAT ATA",FALSE,FALSE
0,0,0,"ROEY NETZIA",1092,"2026","HAPOEL HAEMEK","ROEY NETZIA",1842,"2025","GILBOA/GALIL",FALSE,FALSE
0,0,0,"ROI HUBER",1049,"2026","HAPOEL JERUSALEM","ROI HUBER",1623,"2025","HAPOEL JERUSALEM; MACCABI RAMAT GAN",FALSE,FALSE
0,0,0,"RON COHEN",1633,"2025","HAPOEL GALIL ELION","RON COHEN",2121,"2026","MACCABI RAANANA",FALSE,FALSE
0,0,0,"SAM IORIO",1117,"2026","BEER SHEVA","SAM IORIO",2921,"2025","BEER SHEVA",FALSE,FALSE
0,0,0,"SANDY COHEN III",392,"2025","HAPOEL AFULA","SANDY COHEN III",1217,"2026","HAPOEL TEL AVIV",FALSE,FALSE
0,0,0,"SHAHAR AMIR",1168,"2026","GALIL ELION","SHAHAR AMIR",4965,"2025","HAPOEL GALIL ELION; HAPOEL HOLON",FALSE,FALSE
0,0,0,"SHAHAR EREZ",1098,"2026","HAPOEL HAEMEK","SHAHAR EREZ",2511,"2025","MACCABI RAMAT GAN",FALSE,FALSE
0,0,0,"SHALEV LUGASHI",1073,"2026","BNEI HERZLIYA","SHALEV LUGASHI",5831,"2025","BNEI HERZLIYA",FALSE,FALSE
0,0,0,"TAMIR BLATT",1025,"2026","MACCABI TEL AVIV","TAMIR BLATT",1091,"2025,2026","HAPOEL HAEMEK; MACCABI TEL AVIV",TRUE,FALSE
0,0,0,"TOMER GINAT",496,"2025","HAPOEL TEL AVIV","TOMER GINAT",1040,"2026","HAPOEL TEL AVIV",FALSE,FALSE
0,0,0,"WILL RAYMAN",1021,"2026","MACCABI TEL AVIV","WILL RAYMAN",2757,"2025","MACCABI TEL AVIV",FALSE,FALSE
0,0,0,"WILLY WORKMAN",545,"2025","HAPOEL HAIFA","WILLY WORKMAN",1011,"2026","MACCABI RAANANA",FALSE,FALSE
0,0,0,"XAVIER SNEED",2082,"2026","HAPOEL JERUSALEM","XAVIER SNEED",31153,"2025","BNEI HERZLIYA",FALSE,FALSE
0,0,0,"YAHEL MELAMED",1106,"2026","GALIL ELION","YAHEL MELAMED",16418,"2025","MACCABI RAMAT GAN",FALSE,FALSE
0,0,0,"YAIR KRAVITZ",1066,"2026","HAPOEL HOLON","YAIR KRAVITZ",1631,"2025","NESS ZIONA",FALSE,FALSE
0,0,0,"YAM MADAR",1039,"2026","HAPOEL TEL AVIV","YAM MADAR",19448,"2025","HAPOEL TEL AVIV",FALSE,FALSE
0,0,0,"YARIN HASSON",1052,"2026","HAPOEL JERUSALEM; MACCABI RAMAT GAN","YARIN HASSON",2168,"2025","HAPOEL JERUSALEM",FALSE,FALSE
0,0,0,"YIFTACH ZIV",1042,"2026","HAPOEL TEL AVIV","YIFTACH ZIV",1419,"2025","HAPOEL HOLON",FALSE,FALSE
0,0,0,"YOAV VITLEM",1118,"2026","BEER SHEVA","YOAV VITLEM",29514,"2025","BEER SHEVA",FALSE,FALSE
0,0,0,"YONATHAN ATIAS",1080,"2026","MACCABI RAMAT GAN","YONATHAN ATIAS",2487,"2025","HAPOEL GALIL ELION; MACCABI RAMAT GAN",FALSE,FALSE
0,0,0,"YOTAM HANOCHI",1135,"2026","HAPOEL JERUSALEM; MACCABI RAANANA","YOTAM HANOCHI",3555,"2025","HAPOEL GALIL ELION; HAPOEL HOLON",FALSE,FALSE
0,0,0,"YOVEL ZOOSMAN",1055,"2026","HAPOEL JERUSALEM","YOVEL ZOOSMAN",1625,"2025","HAPOEL JERUSALEM",FALSE,FALSE
0,0,0,"YUVAL LEVIN",2062,"2026","KIRYAT ATA","YUVAL LEVIN",2515,"2025","KIRYAT ATA",FALSE,FALSE
1,1,0,"BNAYA SRUR",2033,"2026","ELIZUR NETANYA","BENAYA SRUR",2793,"2025","MACCABI RAMAT GAN",FALSE,FALSE
1,1,0,"DJ KENNEDY",1705,"2026","GALIL ELION","D. J. KENNEDY",3523,"2025","HAPOEL GALIL ELION",FALSE,FALSE
1,1,0,"JOHN DIBARTOLOMEO",1022,"2026","MACCABI TEL AVIV","JON DIBARTOLOMEO",1780,"2025","MACCABI TEL AVIV",FALSE,FALSE
1,1,0,"LENNARD FREEMAN",1137,"2026","MACCABI RAANANA","LENARD FREEMAN",15400,"2025","HAPOEL GALIL ELION",FALSE,FALSE
1,1,0,"LUCAS GOLDENBERG",1095,"2026","HAPOEL HAEMEK","LUKAS GOLDENBERG",1919,"2025","HAPOEL GALIL ELION",FALSE,FALSE
1,1,0,"NETTA SEGAL",184,"2025","BEER SHEVA","NETA SEGAL",1114,"2026","BEER SHEVA",FALSE,FALSE
1,1,0,"SHACHAR DORON",1008,"2026","GALIL ELION; MACCABI RAANANA","SHAHAR DORON",3273,"2025","ELITZUR NETANYA",FALSE,FALSE
1,1,0,"TZUF BEN MOSHE",921,"2025","NESS ZIONA","TSUF BEN MOSHE",2076,"2026","HAPOEL JERUSALEM",FALSE,FALSE
1,0,1,"BORIS BOGUSLAVSKI",94,"2025","ELITZUR NETANYA","BORIS BOGUSLAVSKY",1192,"2026","ELIZUR NETANYA",FALSE,FALSE
1,0,1,"EITAN YANAI",1252,"2026","ELIZUR NETANYA","EITAN YANAY",2506,"2025","ELITZUR NETANYA",FALSE,FALSE
1,0,1,"NIR PERRI",1050,"2026","HAPOEL JERUSALEM","NIR PERI",29771,"2025","HAPOEL JERUSALEM",FALSE,FALSE
1,0,1,"TOMER ASAYAG",1122,"2026","KIRYAT ATA","TOMER ASSAYAG",4938,"2025","HAPOEL GALIL ELION",FALSE,FALSE
1,0,1,"YUVAL SZNAIDERMAN",1161,"2026","GALIL ELION","YUVAL SZNAJDERMAN",2537,"2025","KIRYAT ATA",FALSE,FALSE
2,0,2,"BEN AMAR",5820,"2025","HAPOEL HAIFA","BEN MAMAN",19431,"2025","HAPOEL GALIL ELION",TRUE,FALSE
2,0,2,"GUR LAVY",1016,"2026","MACCABI TEL AVIV","GUR LAVIE",3097,"2025","GILBOA/GALIL",FALSE,FALSE
2,0,2,"ITAY MOSHKOVITS",1099,"2026","NESS ZIONA","ITAY MOSHKOVICH",2655,"2025","ELITZUR NETANYA",FALSE,FALSE
3,1,2,"OR HEN",29048,"2025","HAPOEL GALIL ELION","ORI COHEN",29518,"2025","MACCABI TEL AVIV",TRUE,FALSE
4,2,2,"GIL BENI",956,"2025","GILBOA/GALIL","GILAD LEVI",2700,"2025","HAPOEL AFULA",TRUE,FALSE
4,2,2,"GIL BENI",1261,"2025,2026","HAPOEL TEL AVIV; MACCABI RAMAT GAN","GILAD LEVI",2700,"2025","HAPOEL AFULA",TRUE,FALSE
4,2,2,"GIL BENI",956,"2025","GILBOA/GALIL","NIR PERI",29771,"2025","HAPOEL JERUSALEM",TRUE,FALSE
4,2,2,"GIL BENI",1261,"2025,2026","HAPOEL TEL AVIV; MACCABI RAMAT GAN","NIR PERI",29771,"2025","HAPOEL JERUSALEM",TRUE,FALSE
4,2,2,"OREN SAHAR",1200,"2026","MACCABI TEL AVIV","BEN AMAR",5820,"2025","HAPOEL HAIFA",FALSE,FALSE
4,2,2,"OREN SAHAR",3662,"2025","MACCABI TEL AVIV","BEN AMAR",5820,"2025","HAPOEL HAIFA",TRUE,FALSE
4,2,2,"RAZ ADAM",1108,"2026","GALIL ELION","YAM MADAR",19448,"2025","HAPOEL TEL AVIV",FALSE,FALSE
4,2,2,"RAZ ADAM",3542,"2025","KIRYAT ATA","YAM MADAR",19448,"2025","HAPOEL TEL AVIV",TRUE,FALSE
4,2,2,"RON COHEN",1633,"2025","HAPOEL GALIL ELION","OR HEN",29048,"2025","HAPOEL GALIL ELION",TRUE,FALSE
4,2,2,"RON COHEN",2121,"2026","MACCABI RAANANA","OR HEN",29048,"2025","HAPOEL GALIL ELION",FALSE,FALSE
4,2,2,"SHON DALID",29545,"2025","MACCABI RAMAT GAN","JON DAVIS",32331,"2025","GILBOA/GALIL; HAPOEL HAIFA",TRUE,FALSE
4,2,2,"YAHAV SHITRIT",31239,"2025","KIRYAT ATA","YOAV SHIMRI",35495,"2025","BNEI HERZLIYA",TRUE,FALSE
4,2,2,"YAM MADAR",1039,"2026","HAPOEL TEL AVIV","RAZ ADAM",1108,"2026","GALIL ELION",TRUE,FALSE
4,2,2,"YAM MADAR",1039,"2026","HAPOEL TEL AVIV","RAZ ADAM",3542,"2025","KIRYAT ATA",FALSE,FALSE
